script_date,stream,script,output_location,output_first,output_last,output_files,date_precision,status,days_script_edit_after_last_output,output_dirs_referenced_but_absent
2026-04-29,6,6a.initial_QC.R,seurat_demux,2026-04-28,2026-06-02,48,specific subdirectory,output at or after last script edit,,cellranger
2026-05-05,0,0.count_reads.sh,,,,,none,no results/ output,,
2026-05-06,12,12.identify_cancer_cells.R,seurat_annotated/260423_VH01624_453_222HWMYNX/projectionFigures seurat_annotated/260528_VH01624_464_222K7VKNX/projectionFigures,2026-05-05,2026-06-12,27,specific subdirectory,output at or after last script edit,,cite_qc_then_dsb
2026-05-06,13,13.CITE_residuals.R,,,,,none,output dir absent,,residual_cite_analysis
2026-05-08,misc,add_cite_for_hiep.R,cite_seq_count emptydrops scDblFinder,2026-04-28,2026-07-08,111,directory aggregate,output at or after last script edit,,cellranger cite_dsb_qc
2026-05-11,9,9.copykat.R,seurat_annotated,2026-05-05,2026-07-14,289,directory aggregate,output at or after last script edit,,
2026-05-19,9,9a.copykat_perSample.R,seurat_annotated,2026-05-05,2026-07-14,289,directory aggregate,output at or after last script edit,,
2026-05-20,12,12a.find_cancer_specific_CITE_206.R,seurat_annotated/260423_VH01624_453_222HWMYNX/copykat_annotated,2026-05-08,2026-05-19,39,specific subdirectory,script edited after last output,1,
2026-05-20,7,7b.CITE_vs_DSB_comparison.R,seurat_annotated/260423_VH01624_453_222HWMYNX/projectionFigures seurat_annotated/260528_VH01624_464_222K7VKNX/projectionFigures,2026-05-05,2026-06-12,27,specific subdirectory,output at or after last script edit,,cite_qc_then_dsb
2026-05-21,12,12b.find_cancer_specific_CITE_206_numbat.R,seurat_annotated,2026-05-05,2026-07-14,289,directory aggregate,output at or after last script edit,,
2026-05-22,12,12c.compare_numbat_copykat_501.R,data_integration,2026-05-06,2026-05-20,19,specific subdirectory,script edited after last output,2,
2026-05-22,12,12d.investigate_clones.R,,,,,none,no results/ output,,
2026-05-22,7,7c.evaluate_DSB.R,cite_seq_count seurat_annotated,2026-04-28,2026-07-14,374,directory aggregate,output at or after last script edit,,dsb_igg_subsample
2026-05-25,12,12d.compare_numbat_copykat_noDoublets.R,data_integration,2026-05-06,2026-05-20,19,specific subdirectory,script edited after last output,5,
2026-05-25,14,14.surfaceome_trial.R,data_integration,2026-05-06,2026-05-20,19,specific subdirectory,script edited after last output,5,
2026-05-25,1,1a.cellranger_resequence.sh,,,,,none,output dir absent,,cellranger_withbam_reseq
2026-05-27,1,1c.investigate_resequencing_subsampling.R,,,,,none,no results/ output,,
2026-05-28,1,1d.DE_subsampling.R,data_integration seurat_annotated,2026-05-05,2026-07-14,308,directory aggregate,output at or after last script edit,,
2026-06-01,1,1.cellranger.sh,cellranger_withbam,2026-05-25,2026-06-01,32,directory aggregate,output at or after last script edit,,
2026-06-01,1,1b.investigate_resequencing.R,AML_atlas depth_benchmarking,2026-01-28,2026-06-10,3,directory aggregate,output at or after last script edit,,cellranger cellranger_withbam_reseq
2026-06-01,1,1c1.investigate_resequencing_subsampling.R,cellranger_downsampled_reseq depth_benchmarking,2026-06-10,2026-06-15,157,directory aggregate,output at or after last script edit,,depth_benchmarking_cellranger_downsampled
2026-06-01,1,1d2.DE_subsampling.R,cellranger_downsampled_reseq data_integration seurat_annotated,2026-05-05,2026-07-14,464,directory aggregate,output at or after last script edit,,
2026-06-02,3,3.cellSNP.sh,cellranger_withbam emptydrops genotype_demux,2026-05-01,2026-06-03,76,directory aggregate,output at or after last script edit,,
2026-06-02,5,5.scDblFinder.R,scDblFinder,2026-05-03,2026-06-02,18,specific subdirectory,output at or after last script edit,,
2026-06-02,6,6c.QC_HTO_ADT_only.R,seurat_demux,2026-04-28,2026-06-02,48,specific subdirectory,output at or after last script edit,,cellranger cite_seq_count_fromRaw
2026-06-03,2,2.emptydrops.R,cellranger_withbam emptydrops,2026-05-01,2026-06-02,40,directory aggregate,script edited after last output,1,
2026-06-03,3,3.hto_count.sbatch,cite_seq_count emptydrops,2026-04-28,2026-07-08,93,directory aggregate,output at or after last script edit,,
2026-06-03,4,4.cite_seq_count.sbatch,cite_seq_count emptydrops,2026-04-28,2026-07-08,93,directory aggregate,output at or after last script edit,,
2026-06-03,6,6.process_cellSNP_HTO.R,demux_comparison scDblFinder,2026-05-03,2026-06-03,74,specific subdirectory,output at or after last script edit,,
2026-06-03,6,6b.QC_HTO_comparison.R,cite_seq_count scDblFinder seurat_demux_test,2026-04-28,2026-07-22,107,directory aggregate,output at or after last script edit,,cite_seq_count_fromRaw
2026-06-03,7,7.CITE_qc.R,seurat_demux,2026-04-28,2026-06-02,48,specific subdirectory,script edited after last output,1,
2026-06-03,9,9a.numbat.sh,cellranger_withbam seurat_demux,2026-04-28,2026-06-02,80,directory aggregate,script edited after last output,1,
2026-06-09,11,11.integrate.R,seurat_annotated/260528_VH01624_464_222K7VKNX/harmony_integration_qc,2026-06-09,2026-06-12,13,specific subdirectory,output at or after last script edit,,
2026-06-09,12,12.data_integration.R,data_integration seurat_demux,2026-04-28,2026-06-02,67,specific subdirectory,script edited after last output,7,cellranger
2026-06-09,12,12c.compare_numbat_copykat.R,data_integration,2026-05-06,2026-05-20,19,specific subdirectory,script edited after last output,20,
2026-06-09,13,13.numbat_annotation.R,seurat_annotated,2026-05-05,2026-07-14,289,directory aggregate,output at or after last script edit,,
2026-06-09,9,9a.numbat.R,seurat_annotated seurat_demux,2026-04-28,2026-07-14,337,directory aggregate,output at or after last script edit,,
2026-06-10,16,16.AML_Normals.R,AML_atlas AML_atlas_bonemarrowmap_normal_projection depth_benchmarking,2026-01-28,2026-06-18,18,directory aggregate,output at or after last script edit,,
2026-06-10,misc,test_run_normal_aml.sh,,,,,none,no results/ output,,
2026-06-12,10,10.numbat_annotation.R,seurat_annotated,2026-05-05,2026-07-14,289,directory aggregate,output at or after last script edit,,
2026-06-12,7,7d.DSB_cluster_resolution.R,seurat_annotated/260423_VH01624_453_222HWMYNX/projectionFigures seurat_annotated/260528_VH01624_464_222K7VKNX/projectionFigures,2026-05-05,2026-06-12,27,specific subdirectory,output at or after last script edit,,cite_qc_then_dsb
2026-06-12,8,8.annotate.R,seurat_annotated/260423_VH01624_453_222HWMYNX/projectionFigures seurat_annotated/260528_VH01624_464_222K7VKNX/projectionFigures,2026-05-05,2026-06-12,27,specific subdirectory,output at or after last script edit,,
2026-06-12,9,9b.numbat.sh,,,,,none,no results/ output,,
2026-06-15,11,11.harmony.R,seurat_annotated/260528_VH01624_464_222K7VKNX/harmony_parameter_qc_scIntegrationMetrics,2026-06-15,2026-06-15,91,specific subdirectory,output at or after last script edit,,
2026-06-15,16,16.normal_aml.py,AML_atlas AML_atlas_bonemarrowmap_normal_projection,2026-01-28,2026-06-18,17,directory aggregate,output at or after last script edit,,
2026-06-15,1,1b.cellranger_resequence.sh,cellranger_downsampled_reseq,2026-06-15,2026-06-15,156,directory aggregate,output at or after last script edit,,
2026-06-15,7,7e.1.find_cancer_CITE_markers_run1.R,seurat_annotated/260423_VH01624_453_222HWMYNX/numbat/CITE_HSC_Numbat_analysis seurat_annotated/260528_VH01624_464_222K7VKNX/numbat/CITE_HSC_Numbat_analysis,2026-06-14,2026-06-15,35,specific subdirectory,output at or after last script edit,,
2026-06-15,7,7e.find_cancer_CITE_markers.R,seurat_annotated/260423_VH01624_453_222HWMYNX/numbat/CITE_HSC_Numbat_analysis seurat_annotated/260528_VH01624_464_222K7VKNX/numbat/CITE_HSC_Numbat_analysis,2026-06-14,2026-06-15,35,specific subdirectory,output at or after last script edit,,
2026-06-16,1,1c2.investigate_resequencing_subsampling.R,cellranger_downsampled_reseq depth_benchmarking,2026-06-10,2026-06-15,157,directory aggregate,script edited after last output,1,depth_benchmarking_cellranger_downsampled
2026-06-18,16,16b.AML_Normals_python_claude.R,AML_atlas_bonemarrowmap_normal_projection,2026-06-10,2026-06-18,15,directory aggregate,output at or after last script edit,,
2026-06-18,17,17.differential_expression.R,seurat_annotated,2026-05-05,2026-07-14,289,directory aggregate,output at or after last script edit,,
2026-06-18,1,1d3.DE_subsampling_LK2.R,cellranger_downsampled_reseq data_integration seurat_annotated,2026-05-05,2026-07-14,464,directory aggregate,output at or after last script edit,,
2026-06-19,16,16a.AML_Normals_python.R,AML_atlas_bonemarrowmap_normal_projection,2026-06-10,2026-06-18,15,directory aggregate,script edited after last output,1,
2026-06-19,17,17.differential_expression.rmd,seurat_annotated,2026-05-05,2026-07-14,289,directory aggregate,output at or after last script edit,,
2026-06-19,17,17a.differential_expression_normals.rmd,AML_atlas_bonemarrowmap_normal_projection seurat_annotated,2026-05-05,2026-07-14,304,directory aggregate,output at or after last script edit,,
2026-06-19,18,18.cite_seq_cancer_specific_test.R,seurat_annotated,2026-05-05,2026-07-14,289,directory aggregate,output at or after last script edit,,
2026-06-19,2,2a.cellbender.sh,cellbender cellranger_withbam,2026-05-25,2026-06-25,34,directory aggregate,output at or after last script edit,,
2026-06-19,misc,cite_seq_test.R,seurat_annotated,2026-05-05,2026-07-14,289,directory aggregate,output at or after last script edit,,
2026-06-23,18,18.make_vangalen_signatures.R,,,,,none,no results/ output,,
2026-06-23,18,18a.van_galen_analysis.R,van_galen_analysis,2026-06-23,2026-06-23,25,specific subdirectory,output at or after last script edit,,
2026-06-23,2,2b.cellbender_docker.sh,cellbender cellranger_withbam,2026-05-25,2026-06-25,34,directory aggregate,output at or after last script edit,,
2026-06-24,2,2c.cellbender_docker_fixed.sh,cellbender cellranger_withbam,2026-05-25,2026-06-25,34,directory aggregate,output at or after last script edit,,
2026-06-25,2,2d.cellbender_trial_smallcells.sh,cellbender cellranger_withbam,2026-05-25,2026-06-25,34,directory aggregate,output at or after last script edit,,
2026-06-26,2,2a.cellbender.R,,,,,none,no results/ output,,
2026-06-29,18,18b.van_galen_analysis.R,,,,,none,no results/ output,,
2026-06-29,18,18c.van_galen_analysis.R,,,,,none,no results/ output,,
2026-06-29,19,19.compare_emptydrops_cellbender.R,cellbender_comparison,2026-06-24,2026-06-29,21,specific subdirectory,output at or after last script edit,,
2026-06-29,19,19a.compare_emptydrops_cellbender.R,cellbender_comparison,2026-06-24,2026-06-29,21,specific subdirectory,output at or after last script edit,,
2026-06-30,11,11a.integrate.R,seurat_annotated/260528_VH01624_464_222K7VKNX/harmony_parameter_qc_scIntegrationMetrics,2026-06-15,2026-06-15,91,specific subdirectory,script edited after last output,15,
2026-06-30,20,20.compare_shortread_longread_numbat.R,longread_numbat seurat_annotated,2026-05-05,2026-07-14,538,directory aggregate,output at or after last script edit,,
2026-06-30,21,21.snRNP_expression.R,seurat_annotated/260528_VH01624_464_222K7VKNX/harmony_parameter_qc_scIntegrationMetrics,2026-06-15,2026-06-15,91,specific subdirectory,script edited after last output,15,
2026-07-01,22,22.proteome.R,cryptic_surfaceome,2026-07-01,2026-07-01,10,specific subdirectory,output at or after last script edit,,
2026-07-06,12,12e.check_numbat_normal.R,,,,,none,writes to results_nf only,,
2026-07-07,14,14a.surfaceome_trial._colabR.R,,,,,none,no results/ output,,
2026-07-07,7,7g.CITE_unmapped_QC.R,adt_unmapped_investigator,2026-07-07,2026-07-07,6,specific subdirectory,output at or after last script edit,,
2026-07-08,4,4a.cite_seq_count_unmapped.sbatch,cite_seq_count emptydrops,2026-04-28,2026-07-08,93,directory aggregate,output at or after last script edit,,
2026-07-14,8,8a.annotate_and_plot_unannotated.R,seurat_annotated/260528_VH01624_464_222K7VKNX/LK2-GEX_results_nf_unannotated_check,2026-07-14,2026-07-14,15,specific subdirectory,output at or after last script edit; also writes results_nf,,
2026-07-15,26,26.de_AML_vs_normal01.R,differential_expression/AML_vs_normal01,2026-07-14,2026-07-14,10,specific subdirectory,script edited after last output,1,
2026-07-16,24,24.make_broad_aml_signatures.R,,,,,none,no results/ output,,
2026-07-20,22,22a.patient_qc_report_batch.R,patient_reports,2026-07-17,2026-07-22,25,directory aggregate,output at or after last script edit,,
2026-07-20,22,22a.patient_qc_report_batch.sh,patient_reports,2026-07-17,2026-07-22,25,directory aggregate,output at or after last script edit,,
2026-07-21,15,15.mito_clone_common.R,long_read mitochondrial_clones,2026-05-18,2026-07-30,132,directory aggregate,output at or after last script edit,,
2026-07-21,20,20a.compare_all_clone_methods.R,long_read longread_numbat mitochondrial_clones mitochondrial_clones_longread seurat_annotated,2026-05-05,2026-07-30,676,directory aggregate,output at or after last script edit,,
2026-07-21,25,25.trial_test_unhashed_donor_demux.sh,,,,,none,no results/ output,,
2026-07-21,misc,r_env_export.yml,,,,,none,no results/ output,,
2026-07-22,21,21a.run_qc_report_backup.Rmd,,,,,none,no results/ output,,
2026-07-22,22,22.patient_qc_report.Rmd,patient_reports,2026-07-17,2026-07-22,25,specific subdirectory,output at or after last script edit,,
2026-07-22,23,23.zeng_differentiation_pattern_classification.R,zeng_differentiation_patterns,2026-07-20,2026-07-20,12,specific subdirectory,script edited after last output; also writes results_nf,2,
2026-07-22,27,27.removeme_quick_biotin_test.R,,,,,none,writes to results_nf only,,
2026-07-22,27,27a.hsc_mpp_biotin_split_analysis.R,hsc_mpp_biotin_split,2026-07-22,2026-07-22,38,specific subdirectory,output at or after last script edit; also writes results_nf,,
2026-07-22,27,27b.hsc_mpp_biotin_split_report.Rmd,hsc_mpp_biotin_split,2026-07-22,2026-07-22,38,directory aggregate,output at or after last script edit,,
2026-07-22,6,6b1.biotin_ADT_comparison.R,seurat_demux_test,2026-07-22,2026-07-22,4,directory aggregate,output at or after last script edit,,
2026-07-27,15,15a.mito_mgatk_stage.sh,,,,,none,no results/ output,,
2026-07-27,27,27c.hsc_mpp_biotin_split_report_short.Rmd,hsc_mpp_biotin_split,2026-07-22,2026-07-22,38,directory aggregate,script edited after last output,5,
2026-07-27,27,27d.monocyte_biotin_split_report_short.Rmd,,,,,none,output dir absent,,monocyte_biotin_split
2026-07-28,15,15a.mito_mgatk_stage.R,mitochondrial_clones mitochondrial_clones_longread,2026-06-03,2026-07-30,137,directory aggregate,output at or after last script edit,,
2026-07-28,15,15a2.mito_mgatk_remerge.R,,,,,none,no results/ output,,
2026-07-28,15,15b.mito_mitoclone2_and_compare.R,mitochondrial_clones mitochondrial_clones_longread,2026-06-03,2026-07-30,137,directory aggregate,output at or after last script edit,,
2026-07-28,15,15b.mito_mitoclone2_and_compare.sh,,,,,none,no results/ output,,
2026-07-28,15,15b2.mito_compare_only.R,,,,,none,no results/ output,,
2026-07-29,misc,compare_isoform_annotations.R,,,,,none,no results/ output,,
2026-07-30,15,15c.mito_compare_ranking.R,mitochondrial_clones,2026-06-03,2026-07-30,131,directory aggregate,output at or after last script edit,,
2026-07-30,21,21.run_qc_report.Rmd,,,,,none,no results/ output,,
2026-07-30,28,28.composite_doublets_CITE.py,,,,,none,output dir absent,,composite_doublets
2026-07-30,28,28.composite_doublets_CITE.sh,,,,,none,output dir absent,,composite_doublets
2026-07-30,28,28a.composite_doublets_report.Rmd,,,,,none,output dir absent,,composite_doublets
