report_id,title,status,date_created_first_output,date_last_output,runs_covered,inventory_streams,scripts,inputs_and_locations,outputs_and_locations,output_files,key_figures,tools,notes
01,LK1 pilot run,agreed,2026-04-28,2026-06-15,260423_VH01624_453_222HWMYNX,"0, 6, 7, 9, 12, 13, 14",0.count_reads.sh; 6a.initial_QC.R; 7c.evaluate_DSB.R; 9.copykat.R; 9a.copykat_perSample.R; 12.identify_cancer_cells.R; 13.CITE_residuals.R; 14.surfaceome_trial.R; backup/4.initial_QC.R; backup/6.demux.R; backup/7a.CITE_qc.R; backup/8.create_seurat_object.R; backup/10*.annotate*.R; backup/11.combine_cite.R,"raw/260423_VH01624_453_222HWMYNX/Sample_LK1-GEX, Sample_LK1-TotalSeqA-ADT, Sample_LK1-TotalSeqA-HTO (FASTQ); annotation/refdata-gex-GRCh38-2024-A",results/seurat_demux/260423_VH01624_453_222HWMYNX; results/cite_seq_count/260423_VH01624_453_222HWMYNX; results/data_integration/260423_VH01624_453_222HWMYNX; results/seurat_annotated/260423_VH01624_453_222HWMYNX,209,results/seurat_demux/260423_VH01624_453_222HWMYNX/01_initial_qc_violin.pdf; results/seurat_demux/260423_VH01624_453_222HWMYNX/02_hto_ridgeplots.pdf; results/seurat_demux/260423_VH01624_453_222HWMYNX/03_umap_demux.pdf; results/seurat_demux/260423_VH01624_453_222HWMYNX/04_umap_qc_features.pdf; results/seurat_demux/260423_VH01624_453_222HWMYNX/05_hto_featureplots.pdf; results/seurat_demux/260423_VH01624_453_222HWMYNX/06_ADT_QC.pdf; results/data_integration/260423_VH01624_453_222HWMYNX/01_background_suppression.pdf; results/data_integration/260423_VH01624_453_222HWMYNX/02_expected_marker_percent_specificity.pdf; results/data_integration/260423_VH01624_453_222HWMYNX/02_expected_marker_specificity.pdf; results/data_integration/260423_VH01624_453_222HWMYNX/03_marker_leakage_diffusion.pdf; results/data_integration/260423_VH01624_453_222HWMYNX/04_expected_vs_other_violin.pdf; results/data_integration/260423_VH01624_453_222HWMYNX/05_featureplots_CLR_vs_DSB_expected_markers.pdf; results/seurat_annotated/260423_VH01624_453_222HWMYNX/projectionFigures/01_mapping_error_QC.pdf; results/seurat_annotated/260423_VH01624_453_222HWMYNX/projectionFigures/02_projected_predicted_celltypes_pass_only.pdf; results/seurat_annotated/260423_VH01624_453_222HWMYNX/projectionFigures/03_projected_samples_pass_only.pdf; results/seurat_annotated/260423_VH01624_453_222HWMYNX/projectionFigures/04_projected_pseudotime_pass_only.pdf; results/seurat_annotated/260423_VH01624_453_222HWMYNX/projectionFigures/05_projection_by_sampleID_BMM_helper_manual_split.pdf; results/seurat_annotated/260423_VH01624_453_222HWMYNX/projectionFigures/06_ADT_CLR_top_marker_projection.pdf,Cell Ranger 7.2.0; CITE-seq-Count; DropletUtils emptyDrops; Seurat; dsb; CopyKAT; BoneMarrowMap,"Superseded run - LK1 was re-sequenced as 260522. Report it as the pilot and say so. Sample IDs: LK1-GEX / LK1-TotalSeqA-ADT / LK1-TotalSeqA-HTO. Donors: HBDN206-MNpCT, HBDN392-AML-MDS, HBDN501-AML-KMT2A."
02,LK1-resequenced,agreed - see scope note,2026-05-01,2026-07-08,260423_VH01624_453_222HWMYNX vs 260522_VH01624_461_222JLJVNX,1,1a.cellranger_resequence.sh; 1b.investigate_resequencing.R; 1c.investigate_resequencing_subsampling.R; 1c1.*; 1c2.*; 1d.DE_subsampling.R; 1d2.DE_subsampling.R; 1d3.DE_subsampling_LK2.R,"raw_reseq/260522_VH01624_461_222JLJVNX/Sample_LK1-GEX (FASTQ); results/cellranger_withbam/260423_VH01624_453_222HWMYNX (original run, for comparison); annotation/refdata-gex-GRCh38-2024-A",results/cellranger_withbam/260522_VH01624_461_222JLJVNX; results/cite_seq_count/260522_VH01624_461_222JLJVNX; results/emptydrops/260522_VH01624_461_222JLJVNX; results/benchmarking; results/depth_benchmarking,42,results/benchmarking/depth_benchmarking_cellranger_downsampled/barplot_cell_counts_by_cell_type.png; results/benchmarking/depth_benchmarking_cellranger_downsampled/median_cells_per_donor_by_assay.pdf,Cell Ranger 10.0.0 (resequencing required this version); seqtk (downsampling); Seurat; edgeR/DESeq2 pseudobulk,"SCOPE PROBLEM - the depth-subsampling Cell Ranger outputs on disk are under LK2 (cellranger_downsampled_reseq/260528, 156 files, 2026-06-15), but 1c2 hardcodes the LK1 path .../cellranger_downsampled_reseq/260522, which does not exist. Also 1d2.DE_subsampling.R and 1d3.DE_subsampling_LK2.R are byte-identical despite the _LK2 name. Resolve which run the subsampling belongs to before writing."
03,Benchmarking: demultiplexing with genotyping vs HTO,agreed,2026-04-28,2026-07-08,"260522_VH01624_461_222JLJVNX, 260528_VH01624_464_222K7VKNX, 260717_VH01624_477_222KG22NX","3, 6, 25",3.cellSNP.sh; 3.hto_count.sbatch; 6.process_cellSNP_HTO.R; 6b.QC_HTO_comparison.R; 6c.QC_HTO_ADT_only.R; 25.trial_test_unhashed_donor_demux.sh,results/cellranger_withbam/<run> (BAM); results/emptydrops/<run> (barcode whitelist); HTO FASTQ; 1000G/reference SNP VCF,results/genotype_demux; results/demux_comparison; results/cite_seq_count,177,results/demux_comparison/260423_VH01624_453_222HWMYNX/LK1-GEX/01_demux_efficiency_barplot.pdf; results/demux_comparison/260423_VH01624_453_222HWMYNX/LK1-GEX/01_demux_efficiency_barplot_all_positive_quantiles.pdf; results/demux_comparison/260423_VH01624_453_222HWMYNX/LK1-GEX/02_hto_vireo_doublet_comparison.pdf; results/demux_comparison/260423_VH01624_453_222HWMYNX/LK1-GEX/02_hto_vireo_doublet_comparison_all_positive_quantiles.pdf; results/demux_comparison/260423_VH01624_453_222HWMYNX/LK1-GEX/03_hto_vireo_donor_heatmap.pdf; results/demux_comparison/260423_VH01624_453_222HWMYNX/LK1-GEX/03_hto_vireo_donor_heatmap_all_positive_quantiles.pdf; results/genotype_demux/260423_VH01624_453_222HWMYNX/LK1-GEX/vireo/fig_GT_distance_estimated.pdf; results/genotype_demux/260522_VH01624_461_222JLJVNX/LK1-GEX/vireo/fig_GT_distance_estimated.pdf; results/genotype_demux/260528_VH01624_464_222K7VKNX/LK2-GEX/vireo/fig_GT_distance_estimated.pdf,cellsnp-lite; vireo; CITE-seq-Count; Seurat,"Key figures are the demux-efficiency barplot, HTO-vs-vireo doublet comparison, donor heatmap and UpSet overlap - each produced at three positive-quantile settings (default, 0.99, all), which is itself the parameter sweep. 25.trial_test_unhashed_donor_demux.sh verifies the unhashed-donor fix in nextflow/bin/process_cellsnp_hto.R and could sit here or in report 09."
04,Benchmarking: cell calling and ambient RNA removal,agreed,2026-05-01,2026-06-29,260528_VH01624_464_222K7VKNX,"2, 19",2.emptydrops.R; 2a.cellbender.sh; 2a.cellbender.R; 2b.cellbender_docker.sh; 2c.cellbender_docker_fixed.sh; 2d.cellbender_trial_smallcells.sh; 19.compare_emptydrops_cellbender.R; 19a.compare_emptydrops_cellbender.R,results/cellranger_withbam/<run>/<sample>/outs/raw_feature_bc_matrix,results/emptydrops; results/cellbender; results/cellbender_comparison,31,results/cellbender_comparison/260528_VH01624_464_222K7VKNX/LK2-GEX/barplot_category_breakdown.pdf; results/cellbender_comparison/260528_VH01624_464_222K7VKNX/LK2-GEX/venn_cellbender_32k_vs_25k.pdf; results/cellbender_comparison/260528_VH01624_464_222K7VKNX/LK2-GEX/venn_emptydrops_cellbender_3way.pdf; results/cellbender_comparison/260528_VH01624_464_222K7VKNX/LK2-GEX/venn_emptydrops_cellbender_4way.pdf; results/cellbender_comparison/260528_VH01624_464_222K7VKNX/LK2-GEX/venn_emptydrops_vs_cellbender_25k.pdf; results/cellbender_comparison/260528_VH01624_464_222K7VKNX/LK2-GEX/venn_emptydrops_vs_cellbender_32k.pdf; results/emptydrops/260423_VH01624_453_222HWMYNX/LK1-GEX/HTO_QC.pdf,DropletUtils emptyDrops (FDR<=0.01); CellBender 0.3.0 (containers/cellbender_0.3.0.sif and _fixed.sif),"The expected-cells parameter sweep is visible in the figure names: 25k, 32k, 32k30k. Venn diagrams give the emptyDrops/CellBender overlap; violins compare genes, MT counts and %MT per barcode category."
05,Benchmarking: CITE-seq analysis,agreed,2026-05-20,2026-07-07,"260423_VH01624_453_222HWMYNX, 260522_VH01624_461_222JLJVNX, 260528_VH01624_464_222K7VKNX","4, 7, 13",4.cite_seq_count.sbatch; 4a.cite_seq_count_unmapped.sbatch; 7.CITE_qc.R; 7b.CITE_vs_DSB_comparison.R; 7c.evaluate_DSB.R; 7d.DSB_cluster_resolution.R; 7g.CITE_unmapped_QC.R; 13.CITE_residuals.R,ADT/HTO FASTQ; results/emptydrops/<run> (whitelist); TotalSeq-A barcode reference,results/cite_seq_dsb; results/adt_unmapped_investigator; results/adt_unmapped_diagnostics; results/seurat_annotated/260423_VH01624_453_222HWMYNX/projectionFigures/DSB_vs_CLR_HBDN206-MNpCT,51,results/cite_seq_dsb/260528_VH01624_464_222K7VKNX/LK2-GEX/00_ADT_mapped_vs_unmapped_per_barcode.pdf; results/cite_seq_dsb/260528_VH01624_464_222K7VKNX/LK2-GEX/00_ADT_unmapped_per_barcode_histogram.pdf; results/cite_seq_dsb/260528_VH01624_464_222K7VKNX/LK2-GEX/03_cell_QC_RNA_ADT_raw.pdf; results/cite_seq_dsb/260528_VH01624_464_222K7VKNX/LK2-GEX/04_raw_ADT_marker_distributions.pdf; results/cite_seq_dsb/260528_VH01624_464_222K7VKNX/LK2-GEX/05_CLR_ADT_marker_distributions.pdf; results/cite_seq_dsb/260528_VH01624_464_222K7VKNX/LK2-GEX/06_RNA_umap_QC.pdf; results/adt_unmapped_diagnostics/edit_distance_histogram.pdf; results/adt_unmapped_diagnostics/top_observed_barcodes.pdf,CITE-seq-Count; dsb (denoised scaled by background); Seurat CLR,"CLR-vs-DSB comparison runs through the 04/05 marker-distribution figures and the background-suppression/marker-specificity panels in data_integration. Unmapped-read diagnostics (7g) output four CSVs: observed barcode counts, distance to known, offset scan, reverse-complement check. NOTE: results/residual_cite_analysis (13.CITE_residuals.R) does not exist on this mount - check /scratch."
06,Biotin report,agreed,2026-07-22,2026-07-22,"260522_VH01624_461_222JLJVNX, 260528_VH01624_464_222K7VKNX, 260717_VH01624_477_222KG22NX","6, 27",6b1.biotin_ADT_comparison.R; 27.removeme_quick_biotin_test.R; 27a.hsc_mpp_biotin_split_analysis.R; 27b.hsc_mpp_biotin_split_report.Rmd; 27c.hsc_mpp_biotin_split_report_short.Rmd; 27d.monocyte_biotin_split_report_short.Rmd,"results_nf/260717_VH01624_477_222KG22NX/08_annotate (annotated Seurat, sample WEI21_26-17_NK); CITE_DSB assay",results/hsc_mpp_biotin_split; results/seurat_demux_test/LK1_vs_LK2_test_HTO_ADT_comparison,42,results/hsc_mpp_biotin_split/1b_fgsea_hallmark_biotin_high_vs_low.pdf; results/hsc_mpp_biotin_split/2_pseudobulk_deseq2_volcano_biotin_high_vs_low.pdf; results/hsc_mpp_biotin_split/2_pseudobulk_edgeR_volcano_biotin_high_vs_low.pdf; results/hsc_mpp_biotin_split/3b_glyco_residual_vs_protein_summary.pdf; results/hsc_mpp_biotin_split/3b_glyco_residual_vs_protein_top_scatter.pdf; results/hsc_mpp_biotin_split/3c_glyco_by_fine_celltype_violin.pdf; results/seurat_demux_test/LK1_vs_LK2_test_HTO_ADT_comparison/test_biotin_reads_before_after.pdf; results/seurat_demux_test/LK1_vs_LK2_test_HTO_ADT_comparison/test_biotin_reads_per_cell_before_after.pdf,Seurat FindMarkers (Wilcoxon); DESeq2 and edgeR pseudobulk; fgsea + MSigDB Hallmark; Seurat CellCycleScoring,results/monocyte_biotin_split (27d) does not exist on this mount - the monocyte report may not have been run. HSC/MPP outputs are all dated 2026-07-22.
07,Benchmarking: cell type annotation,agreed,2026-05-05,2026-07-14,"260423_VH01624_453_222HWMYNX, 260528_VH01624_464_222K7VKNX",8,8.annotate.R; 8a.annotate_and_plot_unannotated.R,results/cite_seq_dsb/<run>; BoneMarrowMap_SymphonyReference.rds; results_nf/<run>/08_annotate,results/seurat_annotated/260423_VH01624_453_222HWMYNX/projectionFigures; results/seurat_annotated/260528_VH01624_464_222K7VKNX/projectionFigures; results/seurat_annotated/260528_VH01624_464_222K7VKNX/LK2-GEX_results_nf_unannotated_check,42,results/seurat_annotated/260423_VH01624_453_222HWMYNX/projectionFigures/01_mapping_error_QC.pdf; results/seurat_annotated/260423_VH01624_453_222HWMYNX/projectionFigures/02_projected_predicted_celltypes_pass_only.pdf; results/seurat_annotated/260423_VH01624_453_222HWMYNX/projectionFigures/03_projected_samples_pass_only.pdf; results/seurat_annotated/260423_VH01624_453_222HWMYNX/projectionFigures/04_projected_pseudotime_pass_only.pdf; results/seurat_annotated/260423_VH01624_453_222HWMYNX/projectionFigures/05_projection_by_sampleID_BMM_helper_manual_split.pdf; results/seurat_annotated/260423_VH01624_453_222HWMYNX/projectionFigures/06_ADT_CLR_top_marker_projection.pdf; results/seurat_annotated/260528_VH01624_464_222K7VKNX/LK2-GEX_results_nf_unannotated_check/01_unknown_fraction_by_cluster.pdf; results/seurat_annotated/260528_VH01624_464_222K7VKNX/LK2-GEX_results_nf_unannotated_check/02_umap_native_with_unknown.pdf; results/seurat_annotated/260528_VH01624_464_222K7VKNX/LK2-GEX_results_nf_unannotated_check/02a_umap_native_unknown_highlighted.pdf; results/seurat_annotated/260528_VH01624_464_222K7VKNX/LK2-GEX_results_nf_unannotated_check/03_umap_projected_with_unknown.pdf; results/seurat_annotated/260528_VH01624_464_222K7VKNX/LK2-GEX_results_nf_unannotated_check/03a_umap_projected_unknown_highlighted.pdf; results/seurat_annotated/260528_VH01624_464_222K7VKNX/LK2-GEX_results_nf_unannotated_check/04_unknown_nearest_neighbor_identity_umap.pdf,BoneMarrowMap (Zeng et al. 2025 Symphony reference); Seurat,"The cutoff story is mapping_error_QC: 8a established that the 548 NA cells in predicted_CellType_Broad are exactly the mapping_error_QC=='Fail' cells (1:1, confirmed on the object), i.e. rejected by BoneMarrowMap's own QC rather than missed. Also found that checkpoint lacks umap_projected and the fine-grained predicted_CellType."
08,Benchmarking: calling cancer cells,agreed - see boundary note,2026-05-08,2026-06-29,"260423_VH01624_453_222HWMYNX, 260528_VH01624_464_222K7VKNX","9, 10, 12, 13, 20",9.copykat.R; 9a.copykat_perSample.R; 9a.numbat.sh; 9a.numbat.R; 9b.numbat.sh; 10.numbat_annotation.R; 13.numbat_annotation.R; 12.identify_cancer_cells.R; 12a-12e.*; 20.compare_shortread_longread_numbat.R,results/seurat_annotated/<run> (annotated Seurat); Cell Ranger BAM; FLAMES/minimap2 long-read BAM; numbat-rbase container reference,results/seurat_annotated/260423_VH01624_453_222HWMYNX/copykat_annotated; results/seurat_annotated/260423_VH01624_453_222HWMYNX/numbat; results/seurat_annotated/260528_VH01624_464_222K7VKNX/numbat; results/longread_numbat,358,results/longread_numbat/comparison_figures/LK2_APOP576-TP53_broad_lineage_composition_by_compartment.pdf; results/longread_numbat/comparison_figures/LK2_APOP576-TP53_clone_alluvial.pdf; results/longread_numbat/comparison_figures/LK2_APOP576-TP53_clone_correlation_heatmap.pdf; results/longread_numbat/comparison_figures/LK2_APOP576-TP53_clone_matched_alluvial.pdf; results/longread_numbat/comparison_figures/LK2_APOP576-TP53_compartment_alluvial.pdf; results/longread_numbat/comparison_figures/LK2_APOP576-TP53_pCNV_scatter.pdf; results/seurat_annotated/260423_VH01624_453_222HWMYNX/copykat_annotated/HBDN501-AML-KMT2A/01_copykat_call_composition_by_sampleID.pdf; results/seurat_annotated/260423_VH01624_453_222HWMYNX/copykat_annotated/HBDN501-AML-KMT2A/02_copykat_calls_on_projected_RNA_UMAP.pdf; results/seurat_annotated/260423_VH01624_453_222HWMYNX/copykat_annotated/HBDN501-AML-KMT2A/02a_copykat_calls_on_projected_RNA_UMAP.pdf; results/seurat_annotated/260423_VH01624_453_222HWMYNX/copykat_annotated/HBDN501-AML-KMT2A/03_copykat_by_BoneMarrowMap_broad_celltype.pdf; results/seurat_annotated/260423_VH01624_453_222HWMYNX/copykat_annotated/HBDN501-AML-KMT2A/03a_copykat_counts_by_BoneMarrowMap_broad_celltype.pdf; results/seurat_annotated/260423_VH01624_453_222HWMYNX/copykat_annotated/HBDN501-AML-KMT2A/LK1_copykat_copykat_heatmap.jpeg,"CopyKAT; Numbat (containers/numbat-rbase_latest.sif - unpinned 'latest' tag, version not recorded); Seurat","BOUNDARY - 20a.compare_all_clone_methods.R spans CNV and mitochondrial callers; suggest it belongs to report 14, with this report ending at 20.compare_shortread_longread_numbat.R. Per-donor long-read comparison outputs: clone alluvial, clone correlation heatmap, pCNV scatter, segments comparison, broad-lineage composition by compartment."
09,Nextflow workflow,agreed,2026-07-01,2026-07-30,"260522_VH01624_461_222JLJVNX, 260528_VH01624_464_222K7VKNX, 260717_VH01624_477_222KG22NX",all (productionised),"nextflow/ (pipeline, not catalogued in 00/01/02); nextflow/bin/process_cellsnp_hto.R; 25.trial_test_unhashed_donor_demux.sh",raw/<run> FASTQ; annotation/refdata-gex-GRCh38-2024-A; containers/,results_nf/260522_VH01624_461_222JLJVNX; results_nf/260528_VH01624_464_222K7VKNX; results_nf/260717_VH01624_477_222KG22NX,721,,Nextflow; Cell Ranger; CellBender 0.3.0; cellsnp-lite/vireo; CITE-seq-Count; scDblFinder; dsb; BoneMarrowMap; CopyKAT; Numbat,"13 pipeline stages: 01_cellranger, 02_cellbender, 02_emptydrops, 03_genotype_demux, 04_cite_seq_count, 05_scdblfinder, 06_demux_comparison, 07_cite_qc, 08_annotate, 09_copykat, 09c_numbat_run, 10_numbat_annotation, 11_final. Per-run summary CSVs (cell_count_funnel, cells_lost_by_step/lineage/celltype, copykat_summary, numbat_summary/confidence/signal_strength) plus execution_report and pipeline_dag HTML. Requires: git remote/branch info, environment definitions, and the convention that trial scripts stay in scripts/ and never in nextflow/."
10,Run report: LK-1 (merged with resequencing),agreed,2026-07-04,2026-07-29,260522_VH01624_461_222JLJVNX,21,21.run_qc_report.Rmd; 21a.run_qc_report_backup.Rmd,results_nf/260522_VH01624_461_222JLJVNX (all stages),results_nf/260522_VH01624_461_222JLJVNX,250,,rmarkdown; Seurat; pandoc (cluster),Rendered outputs: results_nf/260522.../QC_report_260522_VH01624_461_222JLJVNX.html (2026-07-29) and scripts/QC_report_260522...html (2026-07-15) plus a .backup.html (2026-07-07). Pipeline re-run 2026-07-04 to 2026-07-29.
11,Run report: LK-2,agreed,2026-07-01,2026-07-28,260528_VH01624_464_222K7VKNX,21,21.run_qc_report.Rmd,results_nf/260528_VH01624_464_222K7VKNX (all stages),results_nf/260528_VH01624_464_222K7VKNX,259,,rmarkdown; Seurat; pandoc (cluster),Rendered: results_nf/260528.../QC_report_260528_VH01624_464_222K7VKNX.html (2026-07-28); scripts/QC_report_260528...backup.html (2026-07-13). Pipeline output 2026-07-01 to 2026-07-28.
12,Run report: LK-3,agreed - thinner than 10/11,2026-07-21,2026-07-30,260717_VH01624_477_222KG22NX,21,21.run_qc_report.Rmd; 22a.patient_qc_report_batch.R,results_nf/260717_VH01624_477_222KG22NX (all stages),results_nf/260717_VH01624_477_222KG22NX,212,,rmarkdown; Seurat; pandoc (cluster),"LK3 has NO subdirectories under results/ - it was processed entirely through the Nextflow pipeline, so everything for this report comes from results_nf. Three rendered versions exist (QC_report_...html 2026-07-27, .v1 and .v2 both 2026-07-22); worth recording what changed between them. scripts/21.run_qc_report.html (2026-07-30) is the newest render overall."
13,Benchmarking: data integration with harmony,agreed,2026-06-09,2026-06-15,260528_VH01624_464_222K7VKNX,"11, 21",11.integrate.R; 11.harmony.R; 11a.integrate.R; 21.snRNP_expression.R,results/seurat_annotated/260528_VH01624_464_222K7VKNX/demux_singlets_annotated_seurat.rds,results/seurat_annotated/260528_VH01624_464_222K7VKNX/harmony_integration_qc; results/seurat_annotated/260528_VH01624_464_222K7VKNX/harmony_parameter_qc_scIntegrationMetrics,104,results/seurat_annotated/260528_VH01624_464_222K7VKNX/harmony_parameter_qc_scIntegrationMetrics/alluvial_pca_to_harmony_by_annotation.pdf; results/seurat_annotated/260528_VH01624_464_222K7VKNX/harmony_parameter_qc_scIntegrationMetrics/alluvial_pca_to_harmony_by_sample.pdf; results/seurat_annotated/260528_VH01624_464_222K7VKNX/harmony_parameter_qc_scIntegrationMetrics/harmony_theta0_lambda0.1_umap_annotation.pdf; results/seurat_annotated/260528_VH01624_464_222K7VKNX/harmony_parameter_qc_scIntegrationMetrics/harmony_theta0_lambda0.1_umap_batch.pdf; results/seurat_annotated/260528_VH01624_464_222K7VKNX/harmony_parameter_qc_scIntegrationMetrics/harmony_theta0_lambda0.1_umap_combined.pdf; results/seurat_annotated/260528_VH01624_464_222K7VKNX/harmony_parameter_qc_scIntegrationMetrics/harmony_theta0_lambda0.5_umap_annotation.pdf; results/seurat_annotated/260528_VH01624_464_222K7VKNX/harmony_integration_qc/cluster_annotation_bonemarrowatlas_figure.pdf; results/seurat_annotated/260528_VH01624_464_222K7VKNX/harmony_integration_qc/cluster_annotation_bonemarrowatlas_figure.png; results/seurat_annotated/260528_VH01624_464_222K7VKNX/harmony_integration_qc/harmony_umap_by_batch.pdf; results/seurat_annotated/260528_VH01624_464_222K7VKNX/harmony_integration_qc/harmony_umap_by_bonemarrow_annotation.pdf; results/seurat_annotated/260528_VH01624_464_222K7VKNX/harmony_integration_qc/harmony_umap_by_cluster.pdf; results/seurat_annotated/260528_VH01624_464_222K7VKNX/harmony_integration_qc/harmony_umap_by_manual_annotation.pdf,"harmony; scIntegrationMetrics (carmonalab, GitHub - version not recorded); Seurat","86 figures: a theta x lambda parameter sweep, each with UMAP coloured by annotation, by batch and combined, plus PCA-to-Harmony alluvials by sample and by annotation. Suggest folding 21.snRNP_expression.R in here - it writes to the same directory and uses the same metrics. Both 11a.integrate.R and 21.snRNP_expression.R were edited 2026-06-30 but their output is from 2026-06-15, so neither has been re-run since."
14,Benchmarking: mitochondrial clone calling,agreed,2026-06-03,2026-07-30,260528_VH01624_464_222K7VKNX,"15, 20",15.mito_clone_common.R; 15a.mito_mgatk_stage.sh/.R; 15a2.mito_mgatk_remerge.R; 15b.mito_mitoclone2_and_compare.sh/.R; 15b2.mito_compare_only.R; 15c.mito_compare_ranking.R; 20a.compare_all_clone_methods.R; deprecated/15*.* (11 superseded scripts),Cell Ranger short-read BAM; FLAMES/minimap2 long-read BAM; per-donor barcode whitelists; numbat/copykat clone calls,results/mitochondrial_clones; results/mitochondrial_clones_longread,137,results/mitochondrial_clones/comparison_ranking/260528_VH01624_464_222K7VKNX/ari_heatmap.pdf; results/mitochondrial_clones/comparison_ranking/260528_VH01624_464_222K7VKNX/ari_heatmap.png; results/mitochondrial_clones/comparison_ranking/260528_VH01624_464_222K7VKNX/category_summary.pdf; results/mitochondrial_clones/comparison_ranking/260528_VH01624_464_222K7VKNX/method_ranking.pdf; results/mitochondrial_clones/comparison_ranking/ari_heatmap.pdf; results/mitochondrial_clones/comparison_ranking/ari_heatmap.png; results/mitochondrial_clones/comparison_all_methods_figures/LK2_APOP576-TP53_SR_numbat_vs_copykat_alluvial.pdf; results/mitochondrial_clones/comparison_all_methods_figures/LK2_HBDN376-TP53_SR_numbat_vs_copykat_alluvial.pdf; results/mitochondrial_clones/comparison_all_methods_figures/LK2_HBDN498-TP53_SR_numbat_vs_copykat_alluvial.pdf; results/mitochondrial_clones/comparison_all_methods_figures/LK2_normal-01_SR_numbat_vs_copykat_alluvial.pdf; results/mitochondrial_clones/comparison_all_methods_figures/within_modality_method_ari_summary.pdf; results/mitochondrial_clones/per_patient/260528_VH01624_464_222K7VKNX/HBDN498-TP53/HBDN498-TP53_copykat_vs_mgatk_lr_alluvial.pdf; results/mitochondrial_clones/per_patient/260528_VH01624_464_222K7VKNX/HBDN498-TP53/HBDN498-TP53_copykat_vs_mgatk_sr_alluvial.pdf; results/mitochondrial_clones/per_patient/260528_VH01624_464_222K7VKNX/HBDN498-TP53/HBDN498-TP53_copykat_vs_mitoclone2_lr_alluvial.pdf; results/mitochondrial_clones/per_patient/260528_VH01624_464_222K7VKNX/HBDN498-TP53/HBDN498-TP53_copykat_vs_mitoclone2_merged_alluvial.pdf; results/mitochondrial_clones/per_patient/260528_VH01624_464_222K7VKNX/HBDN498-TP53/HBDN498-TP53_copykat_vs_mitoclone2_sr_alluvial.pdf; results/mitochondrial_clones/per_patient/260528_VH01624_464_222K7VKNX/HBDN498-TP53/HBDN498-TP53_mgatk_lr_vs_mitoclone2_lr_alluvial.pdf,"mgatk (CLI, mgatk conda env); mitoClone2 (r_env); Signac; samtools; R 4.5.2","Two-stage design forced by incompatible conda envs. Key result is 15c: method x method ARI heatmap, per-method concordance ranking, category breakdown - split into 'same algorithm cross-platform' vs 'cross-algorithm same-platform', which is the actual diagnostic. Merged SR+LR calls and copykat are deliberately excluded there. Record the long-read barcode fix (FLAMES CB tags carry no GEM-well suffix; 0/7367 matched before the fix) and the Matrix [<- dispatch bug that forced 15a2."
15,Integrations: publicly available normal references,agreed,2026-06-10,2026-06-18,atlas (external) + 260528_VH01624_464_222K7VKNX,16,16.AML_Normals.R; 16.normal_aml.py; 16a.AML_Normals_python.R; 16b.AML_Normals_python_claude.R; test_run_normal_aml.sh,"AML atlas h5ad (external, staged in results/AML_atlas - file dated 2026-01-28, i.e. downloaded before this project began); BoneMarrowMap_SymphonyReference.rds",results/AML_atlas_bonemarrowmap_normal_projection,15,,"rhdf5 (direct h5ad reader, chosen over zellkonverter); scanpy; BoneMarrowMap; Symphony",5000 cells per donor subsample. Three iterations of the reader (direct CSR h5ad -> rhdf5) because zellkonverter would not work. Note results/aml_atlas_normal_bonemarrowmap_projection (lowercase variant) exists but is EMPTY - an abandoned duplicate of AML_atlas_bonemarrowmap_normal_projection; worth deleting or explaining.
16,Benchmarking: calling doublets with CITE-seq and RNA,agreed,2026-05-03,2026-06-02,260528_VH01624_464_222K7VKNX,"5, 28",5.scDblFinder.R; 28.composite_doublets_CITE.py; 28.composite_doublets_CITE.sh; 28a.composite_doublets_report.Rmd,results/cellranger_withbam/260528_VH01624_464_222K7VKNX/LK2-GEX/outs/raw_feature_bc_matrix (456 MB gzipped); results/emptydrops/<run>; results_nf/260528_VH01624_464_222K7VKNX (HTO/vireo/scDblFinder calls),results/scDblFinder,18,results/scDblFinder/260423_VH01624_453_222HWMYNX/LK1-GEX/RNA_QC_before_filtering.pdf; results/scDblFinder/260423_VH01624_453_222HWMYNX/LK1-GEX/scDblFinder_QC.pdf; results/scDblFinder/260522_VH01624_461_222JLJVNX/LK1-GEX/RNA_QC_before_filtering.pdf; results/scDblFinder/260522_VH01624_461_222JLJVNX/LK1-GEX/hist_score.pdf; results/scDblFinder/260522_VH01624_461_222JLJVNX/LK1-GEX/scDblFinder_QC.pdf; results/scDblFinder/260528_VH01624_464_222K7VKNX/LK2-GEX/07_top_ADT_markers.pdf,"scDblFinder; sccomposite 1.0.0 (COMPOSITE, torch/scipy/scikit-learn; GPU optional)","NOT YET RUN - results/composite_doublets does not exist. All three stream-28 scripts are dated 2026-07-30, the newest work in the project. The report should either wait for the run or be written as a protocol/plan. Implementation notes worth recording: RNA counts streamed from the gzipped raw matrix in pandas chunks (~10-20 min); COMPOSITE's select_stable() densifies its input."
17,Integrations: comparisons of long-read isoform annotation,agreed,,,n/a (annotation-level),misc,compare_isoform_annotations.R,"AMLisoDB 1.0 (Shi et al., FLAIR+TALON+StringTie); aml_data.gtf.gz (Miller et al., ESPRESSO novel calls + concatenated GENCODE/Ensembl); GENCODE/Ensembl reference",,,,data.table (fread + grouped shift); R,"NO OUTPUT DATE AVAILABLE - use the script edit date 2026-07-29 as the working date. Structural comparison by genomic coordinate, not by transcript ID. Restricted to primary chromosomes (chr1-22, X, Y, M) because all three carry scaffold/decoy contigs under different naming conventions. The Ensembl subset was confirmed to match the paper's 206,601 known-transcript figure exactly when unfiltered by chromosome - a good provenance check to record. No results/ output directory found; outputs may be inline or on /scratch."
18,Integrations: surface proteome trial,agreed - confirm scope,2026-07-01,2026-07-14,260423_VH01624_453_222HWMYNX,"14, 22",14.surfaceome_trial.R; 14a.surfaceome_trial._colabR.R; 22.proteome.R; _backup_surfaceome_pipeline_v1/23-29.*,proteome/2119KK_S1_C_ProteinQuant_Rerun.txt (Knorr); proteome/evidence.txt (Bordeleau); IntAct API; AlphaFold/ColabFold iPTM output; results/seurat_annotated/<run>,results/cryptic_surfaceome; results/surfaceome_signature,16,results/surfaceome_signature/surfaceome_signature_umap.pdf; results/surfaceome_signature/surfaceome_signature_umap_projected.pdf,httr2 (IntAct); AlphaFold/ColabFold; data.table; tidyverse; Seurat,"SCOPE - decide whether this covers (a) the single-cell surfaceome trial (14/14a, incl. the FCGR2A IntAct/ColabFold screen with CRP positive and ACTB/BRCA1/HSP90AA1 negative controls) and (b) the mass-spec cryptic surfaceome (22.proteome.R), or whether those become two reports. 14a's header states it had never been executed at authoring time, so sanity-check before presenting its results. The v1 pipeline in _backup_surfaceome_pipeline_v1/ is superseded but NOT dead: current 26.de_AML_vs_normal01.R still depends on its 24.leucegene_reference_and_candidate_genes.R."
19,Integrations: gene signatures v1,agreed,2026-06-23,2026-06-30,260528_VH01624_464_222K7VKNX,"18, 24",18.make_vangalen_signatures.R; 18a.van_galen_analysis.R; 18b.van_galen_analysis.R; 18c.van_galen_analysis.R; 24.make_broad_aml_signatures.R,Van Galen Table S4A (gene-level expression + correlation scores); external GMT resources; results/seurat_annotated/<run>,results/van_galen_analysis; results/van_galen_signature_scores; annotation/signatures/signatures_broad,29,results/van_galen_analysis/figures/01_violin_GMP_by_cancer_status.pdf; results/van_galen_analysis/figures/01_violin_HSC_Prog_by_cancer_status.pdf; results/van_galen_analysis/figures/01_violin_Myeloid_by_cancer_status.pdf; results/van_galen_analysis/figures/01_violin_NPM1_classII_by_cancer_status.pdf; results/van_galen_analysis/figures/01_violin_NPM1_classI_by_cancer_status.pdf; results/van_galen_analysis/figures/02_violin_GMP_by_cancer_status_per_sample.pdf; results/van_galen_signature_scores/VG_GMP_score_UMAP.png; results/van_galen_signature_scores/VG_HSC_Prog_score_UMAP.png; results/van_galen_signature_scores/VG_Myeloid_score_UMAP.png; results/van_galen_signature_scores/matched_compartment_signature_scores_combined.png,AUCell; Seurat; MSigDB,"Van Galen signatures built from correlation scores (positive correlation = lineage-associated in malignant cells, top genes per lineage). 24 adds Tier 1 + Tier 2 broad AML signatures with a documented confidence level per signature in aml_broad_signature_sources.csv ('high' = confirmed against a citable exact source; 'medium' = automated fetch, not manually cross-checked) - that provenance table should go straight into the report."
20,PROPOSED: Differential expression (CD14 monocytes; AML vs normal-01),proposed addition,2026-07-14,2026-07-14,260522_VH01624_461_222JLJVNX + 260528_VH01624_464_222K7VKNX,"17, 26",17.differential_expression.R; 17.differential_expression.rmd; 17a.differential_expression_normals.rmd; 26.de_AML_vs_normal01.R,results/seurat_annotated/<run> (both runs merged); results/AML_atlas_bonemarrowmap_normal_projection (atlas normals); leucegene_reference/candidate_genes_by_patient,results/differential_expression/AML_vs_normal01; results/leucegene_reference,24,results/leucegene_reference/leucegene_umap_with_patients_and_clusters.pdf,edgeR/DESeq2 pseudobulk; Seurat,"Not covered by any of your 19. Substantial: two rendered reports (17.differential_expression.html, 11 MB, 2026-06-19 - 'AML CD14 Monocyte Pseudobulk DE and Integration'; and 17a using atlas normals as controls), plus 26's genome-restricted AML-vs-normal-01 DE across every broad cell type. AML_CD14_vs_normal_CD14_volcano_large.pdf sits loose in results/."
21,PROPOSED: Zeng differentiation-pattern classification,proposed addition,2026-07-20,2026-07-20,260528_VH01624_464_222K7VKNX,23,23.zeng_differentiation_pattern_classification.R,Zeng et al. 2025 Supplementary Table S8 (318 reference scAML patients); Leucegene bulk cohort; results/seurat_annotated/<run>,results/zeng_differentiation_patterns,12,results/zeng_differentiation_patterns/leucegene_bulk_deconvolution_pca.pdf,LASSO deconvolution (published Zeng model); Seurat; BoneMarrowMap,"Not covered by any of your 19. Two independent analyses: single-cell nearest-centroid classification into 12 recurrent AML differentiation patterns, and the published bulk LASSO deconvolution projecting our patients and Leucegene into the same 13-state score space."
22,PROPOSED: Per-patient / per-donor AML biology + QC reports,proposed addition,2026-07-17,2026-07-22,"260528_VH01624_464_222K7VKNX, 260717_VH01624_477_222KG22NX",22,22.patient_qc_report.Rmd; 22a.patient_qc_report_batch.R; 22a.patient_qc_report_batch.sh,results_nf/<run>/08_annotate (per GEM well); composition_broad_by_sample_name.csv (donor list); annotation/signatures/,results/patient_reports,25,,rmarkdown; Seurat; edgeR; pandoc (cluster),"Distinct from the per-RUN reports 10-12: one HTML per DONOR. 25 files in results/patient_reports (2026-07-17 to 2026-07-22), plus scripts/22.patient_qc_report.html (12.5 MB) and 22.patient_qc_report.HBDN206-MN-pCT.html (9.5 MB). Donor discovery is documented and was verified against real data."
